<?xml version="1.0" encoding="UTF-8"?>
<!-- generated by Sonar -->
<module name="Checker">
	<!-- <module name="FileLength"> <property name="severity" value="warning"/> 
		<property name="max" value="500"/> </module> -->
	<actionName name="checkcardno">
		<mustParam>cardno</mustParam>
	</actionName>

	<!-- 基本字典 -->
	<actionName name="getcity">
	</actionName>
	<actionName name="getclass">
	</actionName>
	<actionName name="getbank">
	</actionName>

	<!-- 优惠券相关 -->
	<actionName name="getcoupon">
	</actionName>
	<actionName name="addcoupon">
		<mustParam>couid</mustParam>
		<mustParam>mobile</mustParam>
		<mustParam>card</mustParam>
		<mustParam>orderid</mustParam>
	</actionName>
	<actionName name="getcouponbranch">
		<!-- 下列参数中 仅需要1个 -->
		<OneOfParam>
			<param>couid</param>
			<param>svcid</param>
		</OneOfParam>
	</actionName>

	<!-- 积分相关 -->
	<actionName name="chargepoints">
		<mustParam>mobile</mustParam>
		<mustParam>card</mustParam>
		<mustParam>ptype</mustParam>
		<mustParam>amount</mustParam>
		<mustParam>orderid</mustParam>
	</actionName>
	<actionName name="deductpoints">
		<mustParam>mobile</mustParam>
		<mustParam>card</mustParam>
		<mustParam>ptype</mustParam>
		<mustParam>amount</mustParam>
		<mustParam>orderid</mustParam>
	</actionName>
	<actionName name="checkpoints">
		<mustParam>pids</mustParam>
	</actionName>
	<actionName name="userpoints">
		<mustParam>ptype</mustParam>
	</actionName>
	<actionName name="change">
		<mustParam>mobile</mustParam>
		<mustParam>ptype</mustParam>
	</actionName>


	<!-- 会员相关 -->
	<actionName name="getvipcard">
	</actionName>
	<actionName name="addvipcard">
		<mustParam>mobile</mustParam>
		<mustParam>card</mustParam>
		<mustParam>svcid</mustParam>
		<mustParam>orderid</mustParam>
	</actionName>
	<actionName name="uservipcard">
	</actionName>

	<!-- 数据报表 -->
	<actionName name="getusercoupon">
	</actionName>


	<!-- 商户相关 -->
	<actionName name="getshopbranch">
		<mustParam>shopid</mustParam>
	</actionName>
	<actionName name="shopimpression">
		<mustParam>shopid</mustParam>
	</actionName>
	<actionName name="getshopcoupon">
		<mustParam>shopid</mustParam>
	</actionName>
	<actionName name="getshopimage">
		<mustParam>shopid</mustParam>
	</actionName>
	<actionName name="getshopcomment">
		<mustParam>shopid</mustParam>
	</actionName>
	<actionName name="shopinfo">
		<mustParam>shopid</mustParam>
	</actionName>


</module>