<?xml version="1.0" encoding="UTF-8"?>
<!-- generated by Sonar -->
<module name="Checker">

	<param name="appkey">
		<property name="type" value="number" />
	</param>
	<param name="timestamp">
		<property name="type" value="number" />
	</param>
	<param name="sign">
		<property name="type" value="string" />
	</param>
	<param name="action">
		<property name="type" value="string" />
	</param>
	<param name="cardno">
		<property name="type" value="number" />
	</param>
	<param name="card">
		<property name="type" value="number" />
	</param>

	<param name="province">
		<property name="type" value="string" />
	</param>
	<param name="city">
		<property name="type" value="string" />
	</param>
	<param name="county">
		<property name="type" value="string" />
	</param>

	<param name="pid">
		<property name="type" value="number" />
	</param>

	<param name="clsid">
		<property name="type" value="number" />
	</param>
	<param name="svcid">
		<property name="type" value="number" />
	</param>
	<param name="bankid">
		<property name="type" value="number" />
	</param>
	<param name="shopid">
		<property name="type" value="number" />
	</param>
	<param name="couid">
		<property name="type" value="number" />
	</param>

	<param name="keyword">
		<property name="type" value="string" />
	</param>
	<param name="lng">
		<property name="type" value="doubles" />
	</param>
	<param name="lat">
		<property name="type" value="doubles" />
	</param>
	<param name="range">
		<property name="type" value="number" />
		<property name="range" max="9" min="1" />
	</param>
	<param name="coutype">
		<property name="type" value="string" />
		<!-- 有点问题 -->
	</param>
	<param name="page">
		<property name="type" value="number" />
	</param>
	<param name="pagesize">
		<property name="type" value="number" />
	</param>
	<param name="state">
		<property name="type" value="number" />
	</param>
	<param name="shopcolumn">
		<property name="type" value="string" />
	</param>
	<param name="uvccolumn">
		<property name="type" value="string" />
	</param>
	
	<param name="coucolumn">
		<property name="type" value="string" />
	</param>
	<param name="updatetime">
		<property name="type" value="date" />
		<property name="format" value="yyyy-MM-dd HH:mm:ss" />
	</param>

	<param name="mobile">
		<property name="type" value="mobile" />
	</param>
	<param name="orderid">
		<property name="type" value="string" />
	</param>
	<param name="extra">
		<property name="type" value="string" />
	</param>
	<param name="extra2">
		<property name="type" value="string" />
	</param>
	<param name="notify_url">
		<property name="type" value="string" />
	</param>
	<param name="ptype">
		<property name="type" value="string" />
	</param>
	<param name="amount">
		<property name="type" value="number" />
		<property name="range" min="1" />
	</param>
	<param name="amount2">
		<property name="type" value="number" />
		<property name="range" min="1" />
	</param>
	<param name="pids">
		<property name="type" value="string" />
	</param>
	<param name="sw">
		<property name="type" value="string" />
	</param>
	<param name="order">
		<property name="type" value="number" />
	</param>
	<param name="data">
		<property name="type" value="json" />
	</param>
	<param name="rtype">
		<property name="type" value="string" />
	</param>
	<param name="usestime">
		<property name="type" value="date" format="yyyy-MM-dd"/>
	</param>
	<param name="useetime">
		<property name="type" value="date" format="yyyy-MM-dd"/>
	</param>
	<param name="addstime">
		<property name="type" value="date" format="yyyy-MM-dd"/>
	</param>
	<param name="addetime">
		<property name="type" value="date" format="yyyy-MM-dd"/>
	</param>
	<param name="uid">
		<property name="type" value="number" />
	</param>
	<param name="brcolumn">
		<property name="type" value="string" />
	</param>
	<param name="impcolumn">
		<property name="type" value="string" />
	</param>
	<param name="comcolumn">
		<property name="type" value="string" />
	</param>
	<param name="svccolumn">
		<property name="type" value="string" />
	</param>
	<param name="coupons">
		<property name="type" value="number" />
		<property name="range" max="10" min="1" />
	</param>
	<param name="vipcards">
		<property name="type" value="number" />
		<property name="range" max="10" min="1" />
	</param>
	<param name="comments">
		<property name="type" value="number" />
		<property name="range" max="10" min="1" />
	</param>
	<param name="branchstore">
		<property name="type" value="number" />
		<property name="range" max="10" min="1" />
	</param>
	<param name="impressions">
		<property name="type" value="number" />
		<property name="range" max="10" min="1" />
	</param>
	
	
	
	
	
	
	
	
	
	
	<!-- test -->
	<param name="orderby">
		<property name="type" value="number" />
	</param>





</module>